{
    "dataset_name": "ntu60",
    "raw_dataset_dir": "../datasets/nturgb+d_skeletons/raw_data",
    "to_be_removed_files": "../datasets/nturgb+d_skeletons/statistics/samples_with_missing_skeletons.txt",
    "binary_data_dir": "../datasets/nturgb+d_skeletons/preprocessed",
    "file_suffix": ".skeleton",
    "num_point": 25,
    "dims": 3,
    "invalid_frame_num_lower_bound": 10,
    "center_joint": 2,
    "camera_start":5,
    "camera_end":8,
    "performer_start": 9,
    "performer_end": 12,
    "label_start" :17,
    "label_end": 20,
    "process_num": 12,
    "aligned_frame_num": 64,
    "train_p_interval": [0.5, 1],
    "test_p_interval": [0.95],
    "train_performer_id": [1, 2, 4, 5, 8, 9, 13, 14, 15, 16,
                     17, 18, 19, 25, 27, 28, 31, 34, 35, 38],
    "test_performer_id":[3, 6, 7, 10, 11, 12, 20, 21, 22, 23,
                    24, 26, 29, 30, 32, 33, 36, 37, 39, 40],
    "train_camera_id": [2, 3],
    "test_camera_id": [1]
}