{
    "dataset_name": "UAV",
    "raw_dataset_dir": "../datasets/U-man/Skeleton",
    "to_be_removed_files": "",
    "binary_data_dir": "../datasets/U-man/preprocessed",
    "file_suffix": ".txt",
    "num_point": 17,
    "dims": 2,
    "invalid_frame_num_lower_bound": 10,
    "center_joint": [5, 6, 11, 12],
    "performer_start": 1,
    "performer_end": 4,
    "label_start" :33,
    "label_end": 36,
    "process_num": 1,
    "aligned_frame_num": 64,
    "train_p_interval": [0.5, 1],
    "test_p_interval": [0.95],
    "protocol1_train_performer_id": [0, 2, 5, 6, 7, 8, 10, 11, 12, 13, 14,
        15, 16, 17, 18, 19, 20, 21, 25, 26, 27, 28, 29, 30, 32,
        33, 34, 35, 36, 37, 38, 39, 40, 42, 43, 44, 45, 46, 47,
        48, 49, 50, 51, 52, 53, 55, 56, 57, 59, 61, 62, 63, 64,
        65, 67, 68, 69, 70, 71, 73, 76, 77, 78, 79, 80, 81, 82,
        83, 84, 85, 86, 87, 88, 89, 90, 98, 100, 102, 103, 105,
        106, 110, 111, 112, 114, 115, 116, 117, 118],
    "protocol2_train_performer_id":[0, 3, 4, 5, 6, 8, 10, 11, 12, 14, 16,
        18, 19, 20, 21, 22, 24, 26, 29, 30, 31, 32, 35, 36, 37,
        38, 39, 40, 43, 44, 45, 46, 47, 49, 52, 54, 56, 57, 59,
        60, 61, 62, 63, 64, 66, 67, 69, 70, 71, 72, 73, 74, 75,
        77, 78, 79, 80, 81, 83, 84, 86, 87, 88, 89, 91, 92, 93,
        94, 95, 96, 97, 99, 100, 101, 102, 103, 104, 106, 107,
        108, 109, 110, 111, 112, 113, 114, 115, 117, 118]
}