{
    "dataset_name": "ntu60",
    "binary_data_dir": "../datasets/nturgb+d_skeletons/preprocessed",
    "evaluation_mode": "cv",
    "num_person": 2,
    "num_point": 25,
    "dims": 3,
    "num_class": 60,
    "edges": [[1, 2], [2, 21], [3, 21], [4, 3], [5, 21], [6, 5], [7, 6],
                    [8, 7], [9, 21], [10, 9], [11, 10], [12, 11], [13, 1],
                    [14, 13], [15, 14], [16, 15], [17, 1], [18, 17], [19, 18],
                    [20, 19], [22, 23], [23, 8], [24, 25], [25, 12]],
    "train_p_interval": [0.5, 1],
    "test_p_interval": [0.95],
    "batch_size": 32,
    "epoch": 65,
    "warm_up": 5,
    "dataloader_num_workers": 4
}