{
    "dataset_name": "UAV",
    "binary_data_dir": "../datasets/U-man/preprocessed",
    "evaluation_mode": "pro2",
    "num_person": 2,
    "num_point": 17,
    "dims": 2,
    "num_class": 155,
    "edges": [[1, 2], [1, 3], [2, 4], [3, 5], [1, 6], [1, 7],
        [6, 8], [8, 10], [7, 9], [9, 11], [6, 7], [6, 12],
        [7, 13], [12, 13], [12, 14], [14, 16], [13, 15]],
    "train_p_interval": [0.5, 1],
    "test_p_interval": [0.95],
    "batch_size": 32,
    "epoch": 65,
    "warm_up": 5,
    "dataloader_num_workers": 4
}